{"main":"booksapi.raml","name":"BookSAPI","organizationId":"2f1ecdcf-8e09-44ae-a3a8-303ed07d9439","groupId":"2f1ecdcf-8e09-44ae-a3a8-303ed07d9439","assetId":"booksapi","version":"1.0.1","metadata":{"branchId":"master","commitId":"3a8b03c601c5801d41d29c5f4d12c006c1b38fd6","projectId":"45eb30b4-33d1-4150-8c77-e6a618fc8563"},"apiVersion":"v1","classifier":"raml","dependencies":[{"assetId":"success-message-example","groupId":"2f1ecdcf-8e09-44ae-a3a8-303ed07d9439","version":"1.0.0"},{"assetId":"clientid","groupId":"2f1ecdcf-8e09-44ae-a3a8-303ed07d9439","version":"1.0.0"},{"assetId":"apihealthstatus","groupId":"2f1ecdcf-8e09-44ae-a3a8-303ed07d9439","version":"1.0.0"},{"assetId":"api-health-status-example","groupId":"2f1ecdcf-8e09-44ae-a3a8-303ed07d9439","version":"1.0.0"},{"assetId":"errormessage","groupId":"2f1ecdcf-8e09-44ae-a3a8-303ed07d9439","version":"1.0.0"},{"assetId":"successmessage","groupId":"2f1ecdcf-8e09-44ae-a3a8-303ed07d9439","version":"1.0.0"},{"assetId":"book","groupId":"2f1ecdcf-8e09-44ae-a3a8-303ed07d9439","version":"1.0.2"},{"assetId":"books-example","groupId":"2f1ecdcf-8e09-44ae-a3a8-303ed07d9439","version":"1.0.1"},{"assetId":"bookexample","groupId":"2f1ecdcf-8e09-44ae-a3a8-303ed07d9439","version":"1.0.1"}],"tags":[],"originalFormatVersion":"1.0"}